{
  "Afghanistan": "阿富汗",
  "Albania": "阿尔巴尼亚",
  "Algeria": "阿尔及利亚",
  "Andorra": "安道尔",
  "Angola": "安哥拉",
  "Anguilla": "安圭拉",
  "Antigua_and_Barbuda": "安提瓜和巴布达",
  "Argentina": "阿根廷",
  "Armenia": "亚美尼亚",
  "Australia": "澳大利亚",
  "Austria": "奥地利",
  "Azerbaijan": "阿塞拜疆",
  "Bahrain": "巴林",
  "Bangladesh": "孟加拉",
  "Barbados": "巴巴多斯",
  "Belarus": "白俄罗斯",
  "Belgium": "比利时",
  "Belize": "伯利兹",
  "Benin": "贝宁",
  "Bermuda": "百慕大",
  "Bhutan": "不丹",
  "Bolivia": "玻利维亚",
  "Bosnia_and_Herzegovina": "波斯尼亚和黑塞哥维那",
  "Botswana": "博茨瓦纳",
  "Brazil": "巴西",
  "Brunei": "文莱",
  "Bulgaria": "保加利亚",
  "Burkina_Faso": "布基纳法索",
  "Burundi": "布隆迪",
  "Cambodia": "柬埔寨",
  "Cameroon": "喀麦隆",
  "Canada": "加拿大",
  "Cape_Verde": "佛得角",
  "Central_African_Republic": "中非",
  "Chad": "乍得",
  "Chile": "智利",
  "China": "中国",
  "Colombia": "哥伦比亚",
  "Comoros": "科摩罗",
  "Congo_Kinshasa": "刚果（金）",
  "Cook_Islands": "库克群岛",
  "Costa_Rica": "哥斯达黎加",
  "Croatia": "克罗地亚",
  "Cuba": "古巴",
  "Czechia": "捷克",
  "Cyprus": "塞浦路斯",
  "Denmark": "丹麦",
  "Djibouti": "吉布提",
  "Dominica": "多米尼加",
  "East_Timor": "东帝汶",
  "Ecuador": "厄瓜多尔",
  "Egypt": "埃及",
  "Equatorial_Guinea": "赤道几内亚",
  "Eritrea": "厄立特里亚",
  "Estonia": "爱沙尼亚",
  "Ethiopia": "埃塞俄比亚",
  "Faroe_Islands": "法罗群岛",
  "Fiji": "斐济",
  "Finland": "芬兰",
  "France": "法国",
  "Gabon": "加蓬",
  "Georgia": "格鲁吉亚",
  "Germany": "德国",
  "Ghana": "加纳",
  "Gibraltar": "直布罗陀",
  "Greece": "希腊",
  "Greenland": "格陵兰岛",
  "Guatemala": "危地马拉",
  "Guernsey": "根西岛",
  "Guinea_Bissau": "几内亚比绍",
  "Guinea": "几内亚",
  "Guyana": "圭亚那",
  "Haiti": "海地",
  "Honduras": "洪都拉斯",
  "Hungary": "匈牙利",
  "Iceland": "冰岛",
  "India": "印度",
  "Indonesia": "印度尼西亚",
  "Iraq": "伊拉克",
  "Ireland": "爱尔兰",
  "Isle_of_Man": "马恩岛",
  "Israel": "以色列",
  "Italy": "意大利",
  "Jamaica": "牙买加",
  "Japan": "日本",
  "Jersey": "泽西岛",
  "Jordan": "约旦",
  "Kazakhstan": "哈萨克斯坦",
  "Kenya": "肯尼亚",
  "Kiribati": "基里巴斯",
  "Kuwait": "科威特",
  "Kyrgyzstan": "吉尔吉斯斯坦",
  "Laos": "老挝",
  "Latvia": "拉脱维亚",
  "Lebanon": "黎巴嫩",
  "Lesotho": "莱索托",
  "Liberia": "利比里亚",
  "Libya": "利比亚",
  "Liechtenstein": "列支敦士登",
  "Lithuania": "立陶宛",
  "Luxembourg": "卢森堡",
  "Macedonia": "马其顿",
  "Malawi": "马拉维",
  "Malaysia": "马来西亚",
  "Maldives": "马尔代夫",
  "Mali": "马里",
  "Malta": "马耳他",
  "Marshall_Islands": "马绍尔群岛",
  "Mauritania": "毛里塔尼亚",
  "Mauritius": "毛里求斯",
  "Mexico": "墨西哥",
  "Moldova": "摩尔多瓦",
  "Monaco": "摩纳哥",
  "Mongolia": "蒙古",
  "Montenegro": "黑山",
  "Montserrat": "蒙特塞拉特",
  "Morocco": "摩洛哥",
  "Mozambique": "莫桑比克",
  "Myanmar": "缅甸",
  "Namibia": "纳米比亚",
  "Nepal": "尼泊尔",
  "New_Zealand": "新西兰",
  "Nicaragua": "尼加拉瓜",
  "Niger": "尼日尔",
  "Nigeria": "尼日利亚",
  "Niue": "纽埃",
  "North_Korea": "朝鲜",
  "Norway": "挪威",
  "Oman": "阿曼",
  "Pakistan": "巴基斯坦",
  "Palau": "帕劳",
  "Palestine": "巴勒斯坦",
  "Panama": "巴拿马",
  "Papua_New_Guinea": "巴布亚新几内亚",
  "Paraguay": "巴拉圭",
  "Peru": "秘鲁",
  "Philippines": "菲律宾",
  "Pitcairn_Islands": "皮特凯恩群岛",
  "Poland": "波兰",
  "Portugal": "葡萄牙",
  "Qatar": "卡塔尔",
  "Romania": "罗马尼亚",
  "Rwanda": "卢旺达",
  "Russian_Federation": "俄罗斯联邦",
  "Saint_Kitts_and_Nevis": "圣基茨和尼维斯",
  "Saint_Lucia": "圣卢西亚",
  "Saint_Vincent_and_the_Grenadines": "圣文森特和格林纳丁斯",
  "Samoa": "萨摩亚",
  "San_Marino": "圣马力诺",
  "Saudi_Arabia": "沙特阿拉伯",
  "Senegal": "塞内加尔",
  "Serbia": "塞尔维亚",
  "Seychelles": "塞舌尔",
  "Sierra_Leone": "塞拉利昂",
  "Singapore": "新加坡",
  "Slovakia": "斯洛伐克",
  "Slovenia": "斯洛文尼亚",
  "Solomon_Islands": "所罗门群岛",
  "Somalia": "索马里",
  "South_Africa": "南非",
  "South_Korea": "韩国",
  "South_Sudan": "南苏丹",
  "Spain": "西班牙",
  "Sri_Lanka": "斯里兰卡",
  "Sudan": "苏丹",
  "Suriname": "苏里南",
  "Swaziland": "斯威士兰",
  "Sweden": "瑞典",
  "Syria": "叙利亚",
  "Tajikistan": "塔吉克斯坦",
  "Tanzania": "坦桑尼亚",
  "Thailand": "泰国",
  "Trinidad_and_Tobago": "特立尼达和多巴哥",
  "Togo": "多哥",
  "Tokelau": "托克劳",
  "Tonga": "汤加",
  "Tunisia": "突尼斯",
  "Turkey": "土耳其",
  "Turkmenistan": "土库曼斯坦",
  "Tuvalu": "图瓦卢",
  "Uganda": "乌干达",
  "Ukraine": "乌克兰",
  "United_Arab_Emirates": "阿拉伯联合酋长国",
  "United_Kingdom": "英国",
  "USA": "美国",
  "Uruguay": "乌拉圭",
  "Uzbekistan": "乌兹别克斯坦",
  "Vanuatu": "瓦努阿图",
  "Vatican_City": "梵蒂冈",
  "Venezuela": "委内瑞拉",
  "Vietnam": "越南",
  "Yemen": "也门",
  "Zambia": "赞比亚",
  "Zimbabwe": "津巴布韦"
}